COL_DTM,INT_NO,INT_STAT,INT_PHASE_NO,LNKD_DTM
20231018190626,407,1,1,2023-10-18 19:06:26
20231018144047,704,1,2,2023-10-18 14:40:48
20231017204738,566,1,1,2023-10-17 20:47:38
20231016011242,194,1,1,2023-10-16 01:12:43
20231019140952,23,1,6,2023-10-19 14:09:53
20231019140944,670,1,1,2023-10-19 14:09:45
20231019140929,540,1,1,2023-10-19 14:09:30
20231019140923,354,1,1,2023-10-19 14:09:24
20231019140952,47,1,1,2023-10-19 14:09:53
20231019140952,674,1,5,2023-10-19 14:09:53
20231019141001,157,1,1,2023-10-19 14:10:02
20231019141001,285,1,1,2023-10-19 14:10:02
20231019140923,604,1,1,2023-10-19 14:09:24
20231019140929,191,1,2,2023-10-19 14:09:30
20231019140900,206,1,3,2023-10-19 14:09:01
20231019141001,733,1,2,2023-10-19 14:10:02
20231019141001,564,1,1,2023-10-19 14:10:02
20231019140923,25,1,1,2023-10-19 14:09:24
20231019141001,423,1,1,2023-10-19 14:10:02
20231019140924,181,1,2,2023-10-19 14:09:25
20231019140926,351,1,1,2023-10-19 14:09:27
20231019141002,137,1,1,2023-10-19 14:10:03
20231019140952,624,1,2,2023-10-19 14:09:53
20231019140932,497,1,1,2023-10-19 14:09:33
20231019140924,687,1,1,2023-10-19 14:09:25
20231019140942,162,1,3,2023-10-19 14:09:43
20231019141001,142,1,1,2023-10-19 14:10:02
20231019140902,607,1,1,2023-10-19 14:09:03
20231019140952,547,1,3,2023-10-19 14:09:53
20231019140943,449,1,2,2023-10-19 14:09:44
20231019140952,679,1,1,2023-10-19 14:09:53
20231019141001,334,1,1,2023-10-19 14:10:02
20231019140943,18,1,4,2023-10-19 14:09:44
20231019141002,150,1,3,2023-10-19 14:10:03
20231019140952,78,1,1,2023-10-19 14:09:53
20231019140943,82,1,1,2023-10-19 14:09:44
20231019140952,411,1,3,2023-10-19 14:09:53
20231019141001,364,1,6,2023-10-19 14:10:02
20231019140953,312,1,3,2023-10-19 14:09:54
20231019140942,290,1,2,2023-10-19 14:09:43
20231019140942,649,1,2,2023-10-19 14:09:43
20231019140952,485,1,2,2023-10-19 14:09:53
20231019140952,512,1,2,2023-10-19 14:09:53
20231019140942,681,1,4,2023-10-19 14:09:43
20231019140943,466,1,5,2023-10-19 14:09:44
20231019140952,294,1,1,2023-10-19 14:09:53
20231019140942,80,1,2,2023-10-19 14:09:43
20231019140942,611,1,1,2023-10-19 14:09:43
20231019140901,87,1,1,2023-10-19 14:09:02
20231019141001,31,1,3,2023-10-19 14:10:02
20231019141001,415,1,1,2023-10-19 14:10:02
20231019140952,691,1,5,2023-10-19 14:09:53
20231019141002,726,1,1,2023-10-19 14:10:03
20231019141001,198,1,1,2023-10-19 14:10:02
20231019140952,746,1,1,2023-10-19 14:09:53
20231019140952,541,1,4,2023-10-19 14:09:53
20231019140942,496,1,1,2023-10-19 14:09:43
20231019141001,390,1,1,2023-10-19 14:10:02
20231019140924,460,1,1,2023-10-19 14:09:25
20231019140952,234,1,1,2023-10-19 14:09:53
20231019140952,629,1,3,2023-10-19 14:09:53
20231019141001,19,1,3,2023-10-19 14:10:02
20231019140902,469,1,1,2023-10-19 14:09:03
20231019140902,188,1,1,2023-10-19 14:09:03
20231019140942,218,1,1,2023-10-19 14:09:43
20231019140929,477,1,3,2023-10-19 14:09:30
20231019140952,412,1,3,2023-10-19 14:09:53
20231019140952,130,1,3,2023-10-19 14:09:53
20231019140902,84,1,1,2023-10-19 14:09:03
20231019140952,630,1,3,2023-10-19 14:09:53
20231019140953,265,1,3,2023-10-19 14:09:54
20231019140902,268,1,1,2023-10-19 14:09:03
20231019140929,350,1,3,2023-10-19 14:09:30
20231019140924,685,1,1,2023-10-19 14:09:25
20231019140942,417,1,1,2023-10-19 14:09:43
20231019140942,539,1,1,2023-10-19 14:09:43
20231019140924,528,1,3,2023-10-19 14:09:25
20231019140945,178,1,4,2023-10-19 14:09:46
20231019140924,474,1,3,2023-10-19 14:09:25
20231019140924,369,1,3,2023-10-19 14:09:25
20231019141001,339,1,1,2023-10-19 14:10:02
20231019140925,153,1,1,2023-10-19 14:09:26
20231019140952,656,1,4,2023-10-19 14:09:53
20231019140942,635,1,1,2023-10-19 14:09:43
20231019140942,360,1,2,2023-10-19 14:09:43
20231019141001,68,1,2,2023-10-19 14:10:02
20231019140902,705,1,1,2023-10-19 14:09:03
20231019141001,209,1,1,2023-10-19 14:10:02
20231019140942,633,1,1,2023-10-19 14:09:43
20231019141001,197,1,1,2023-10-19 14:10:02
20231019140953,329,1,2,2023-10-19 14:09:54
20231019140943,542,1,1,2023-10-19 14:09:44
20231019140903,599,1,1,2023-10-19 14:09:04
20231019140903,706,1,1,2023-10-19 14:09:04
20231019140943,63,1,1,2023-10-19 14:09:44
20231019141002,701,1,1,2023-10-19 14:10:03
20231019140903,608,1,1,2023-10-19 14:09:04
20231019140952,199,1,3,2023-10-19 14:09:53
20231019141002,560,1,1,2023-10-19 14:10:03
20231019140944,225,1,1,2023-10-19 14:09:45
20231019140930,28,1,4,2023-10-19 14:09:31
20231019140952,276,1,3,2023-10-19 14:09:53
20231019140944,713,1,3,2023-10-19 14:09:45
20231019140944,243,1,2,2023-10-19 14:09:45
20231019140930,431,1,1,2023-10-19 14:09:31
20231019140944,451,1,3,2023-10-19 14:09:45
20231019140944,154,1,3,2023-10-19 14:09:45
20231019140952,250,1,3,2023-10-19 14:09:53
20231019140952,750,1,1,2023-10-19 14:09:53
20231019140944,749,1,3,2023-10-19 14:09:45
20231019140952,648,1,4,2023-10-19 14:09:53
20231019140944,471,1,4,2023-10-19 14:09:45
20231019140953,745,1,1,2023-10-19 14:09:54
20231019140931,229,1,1,2023-10-19 14:09:32
20231019141002,394,1,1,2023-10-19 14:10:03
20231019140926,569,1,1,2023-10-19 14:09:27
20231019140953,508,1,2,2023-10-19 14:09:54
20231019141002,532,1,2,2023-10-19 14:10:03
20231019140945,165,1,2,2023-10-19 14:09:46
20231019141002,699,1,1,2023-10-19 14:10:03
20231019141002,558,1,1,2023-10-19 14:10:03
20231019140953,343,1,2,2023-10-19 14:09:54
20231019141002,341,1,2,2023-10-19 14:10:03
20231019141002,76,1,2,2023-10-19 14:10:03
20231019140953,116,1,3,2023-10-19 14:09:54
20231019140953,308,1,6,2023-10-19 14:09:54
20231019140906,174,1,1,2023-10-19 14:09:07
20231019140945,169,1,2,2023-10-19 14:09:46
20231019140953,296,1,3,2023-10-19 14:09:54
20231019140906,11,1,1,2023-10-19 14:09:07
20231019140930,692,1,1,2023-10-19 14:09:31
20231019140930,519,1,6,2023-10-19 14:09:31
20231019141002,205,1,2,2023-10-19 14:10:03
20231019141002,615,1,1,2023-10-19 14:10:03
20231019140953,149,1,2,2023-10-19 14:09:54
20231019141002,267,1,4,2023-10-19 14:10:03
20231019140930,377,1,3,2023-10-19 14:09:31
20231019141002,344,1,1,2023-10-19 14:10:03
20231019140953,462,1,3,2023-10-19 14:09:54
20231019140953,405,1,3,2023-10-19 14:09:54
20231019140931,663,1,1,2023-10-19 14:09:32
20231019140926,158,1,1,2023-10-19 14:09:27
20231019140931,335,1,1,2023-10-19 14:09:32
20231019140953,552,1,3,2023-10-19 14:09:54
20231019140931,483,1,1,2023-10-19 14:09:32
20231019140931,3,1,1,2023-10-19 14:09:32
20231019141002,600,1,1,2023-10-19 14:10:03
20231019141002,626,1,1,2023-10-19 14:10:03
20231019141002,156,1,1,2023-10-19 14:10:03
20231019140931,379,1,2,2023-10-19 14:09:32
20231019140945,464,1,4,2023-10-19 14:09:46
20231019140931,693,1,1,2023-10-19 14:09:32
20231019140953,313,1,3,2023-10-19 14:09:54
20231019141002,707,1,4,2023-10-19 14:10:03
20231019140931,646,1,4,2023-10-19 14:09:32
20231019141002,93,1,1,2023-10-19 14:10:03
20231019140926,316,1,6,2023-10-19 14:09:27
20231019140953,332,1,2,2023-10-19 14:09:54
20231019140953,6,1,2,2023-10-19 14:09:54
20231019140953,262,1,4,2023-10-19 14:09:54
20231019140932,357,1,1,2023-10-19 14:09:33
20231019140945,675,1,4,2023-10-19 14:09:46
20231019140953,179,1,4,2023-10-19 14:09:54
20231019141002,208,1,3,2023-10-19 14:10:03
20231019141002,503,1,1,2023-10-19 14:10:03
20231019141002,170,1,2,2023-10-19 14:10:03
20231019141002,372,1,1,2023-10-19 14:10:03
20231019141002,500,1,1,2023-10-19 14:10:03
20231019141002,347,1,2,2023-10-19 14:10:03
20231019140936,523,1,4,2023-10-19 14:09:37
20231019141002,107,1,2,2023-10-19 14:10:03
20231019140936,741,1,3,2023-10-19 14:09:37
20231019140936,639,1,1,2023-10-19 14:09:37
20231019141002,478,1,1,2023-10-19 14:10:03
20231019140936,40,1,1,2023-10-19 14:09:37
20231019140936,201,1,3,2023-10-19 14:09:37
20231019140936,367,1,4,2023-10-19 14:09:37
20231019140936,83,1,3,2023-10-19 14:09:37
20231019140936,698,1,1,2023-10-19 14:09:37
20231019141003,605,1,1,2023-10-19 14:10:04
20231019140936,327,1,3,2023-10-19 14:09:37
20231019140949,238,2,1,2023-10-19 14:09:50
20231019141002,645,1,4,2023-10-19 14:10:03
20231019141003,356,1,1,2023-10-19 14:10:04
20231019140936,244,1,4,2023-10-19 14:09:37
20231019140937,152,1,2,2023-10-19 14:09:38
20231019140937,671,1,1,2023-10-19 14:09:38
20231019141002,402,1,1,2023-10-19 14:10:03
20231019140937,37,1,3,2023-10-19 14:09:38
20231019141003,246,1,2,2023-10-19 14:10:04
20231019141003,494,1,2,2023-10-19 14:10:04
20231019140937,588,1,5,2023-10-19 14:09:38
20231019140937,57,1,1,2023-10-19 14:09:38
20231019141003,667,1,2,2023-10-19 14:10:04
20231019140937,121,1,3,2023-10-19 14:09:38
20231019140937,637,1,1,2023-10-19 14:09:38
20231019140937,62,1,1,2023-10-19 14:09:38
20231019140907,282,1,1,2023-10-19 14:09:08
20231019140937,72,1,1,2023-10-19 14:09:38
20231019140937,559,1,5,2023-10-19 14:09:38
20231019140907,100,1,4,2023-10-19 14:09:08
20231019140937,277,1,3,2023-10-19 14:09:38
20231019141003,66,1,2,2023-10-19 14:10:04
20231019140937,476,1,2,2023-10-19 14:09:38
20231019140937,636,1,1,2023-10-19 14:09:38
20231019141003,226,1,3,2023-10-19 14:10:04
20231019141003,499,1,2,2023-10-19 14:10:04
20231019140937,333,1,1,2023-10-19 14:09:38
20231019140937,448,1,3,2023-10-19 14:09:38
20231019141003,391,1,1,2023-10-19 14:10:04
20231019141003,689,1,2,2023-10-19 14:10:04
20231019140949,498,2,1,2023-10-19 14:09:50
20231019140949,51,2,4,2023-10-19 14:09:50
20231019140949,806,2,1,2023-10-19 14:09:50
20231019140949,563,4,1,2023-10-19 14:09:50
20231019140949,164,2,1,2023-10-19 14:09:50
20231019140907,95,1,1,2023-10-19 14:09:08
20231019140949,381,4,1,2023-10-19 14:09:50
20231019140949,420,4,1,2023-10-19 14:09:50
20231019140949,433,2,1,2023-10-19 14:09:50
20231019140949,502,2,1,2023-10-19 14:09:50
20231019140949,233,2,1,2023-10-19 14:09:50
20231019140949,515,2,1,2023-10-19 14:09:50
20231019140949,602,2,1,2023-10-19 14:09:50
20231019140949,589,2,1,2023-10-19 14:09:50
20231019140949,398,4,1,2023-10-19 14:09:50
20231019140949,428,4,1,2023-10-19 14:09:50
20231019140949,710,2,1,2023-10-19 14:09:50
20231019140949,697,2,1,2023-10-19 14:09:50
20231019140949,55,4,1,2023-10-19 14:09:50
20231019140949,554,4,1,2023-10-19 14:09:50
20231019140949,810,2,1,2023-10-19 14:09:50
20231019140949,580,4,1,2023-10-19 14:09:50
20231019140949,567,2,1,2023-10-19 14:09:50
20231019140949,337,2,1,2023-10-19 14:09:50
20231019140949,376,2,3,2023-10-19 14:09:50
20231019140949,632,2,1,2023-10-19 14:09:50
20231019140949,610,2,1,2023-10-19 14:09:50
20231016011242,258,1,1,2023-10-16 01:12:43
20231019140949,85,2,1,2023-10-19 14:09:50
20231019140949,380,4,1,2023-10-19 14:09:50
20231019140949,59,2,1,2023-10-19 14:09:50
20231019140949,545,4,1,2023-10-19 14:09:50
20231019141003,331,1,1,2023-10-19 14:10:04
20231019140949,584,2,1,2023-10-19 14:09:50
20231019140949,306,4,1,2023-10-19 14:09:50
20231019140949,562,4,1,2023-10-19 14:09:50
20231019140949,614,2,1,2023-10-19 14:09:50
20231019140949,384,4,1,2023-10-19 14:09:50
20231019140949,627,2,1,2023-10-19 14:09:50
20231019140949,202,2,1,2023-10-19 14:09:50
20231019140949,24,2,1,2023-10-19 14:09:50
20231019140949,753,2,1,2023-10-19 14:09:50
20231019141003,50,1,4,2023-10-19 14:10:04
20231019140949,809,2,1,2023-10-19 14:09:50
20231019140949,336,2,1,2023-10-19 14:09:50
20231019140949,54,4,1,2023-10-19 14:09:50
20231019140949,579,4,1,2023-10-19 14:09:50
20231019140949,397,4,1,2023-10-19 14:09:50
20231019140949,236,2,1,2023-10-19 14:09:50
20231019140949,709,4,1,2023-10-19 14:09:50
20231019140949,735,2,1,2023-10-19 14:09:50
20231019140949,505,2,1,2023-10-19 14:09:50
20231019140949,531,2,1,2023-10-19 14:09:50
20231019140949,618,1,2,2023-10-19 14:09:50
20231019140949,631,2,1,2023-10-19 14:09:50
20231019140949,427,4,1,2023-10-19 14:09:50
20231019140949,418,2,1,2023-10-19 14:09:50
20231019140949,470,2,1,2023-10-19 14:09:50
20231019140949,240,2,1,2023-10-19 14:09:50
20231019140949,739,2,2,2023-10-19 14:09:50
20231019141003,242,1,1,2023-10-19 14:10:04
20231019140949,314,2,1,2023-10-19 14:09:50
20231019140949,570,2,1,2023-10-19 14:09:50
20231019140949,45,4,1,2023-10-19 14:09:50
20231019140949,596,2,1,2023-10-19 14:09:50
20231019140949,370,4,1,2023-10-19 14:09:50
20231019140949,101,4,1,2023-10-19 14:09:50
20231019140949,396,2,1,2023-10-19 14:09:50
20231019140949,114,4,1,2023-10-19 14:09:50
20231019140949,279,1,2,2023-10-19 14:09:50
20231019140949,253,4,1,2023-10-19 14:09:50
20231019140949,10,2,1,2023-10-19 14:09:50
20231019140949,75,4,1,2023-10-19 14:09:50
20231019140908,73,1,1,2023-10-19 14:09:09
20231019140949,318,2,1,2023-10-19 14:09:50
20231019140949,574,4,1,2023-10-19 14:09:50
20231019140949,561,4,1,2023-10-19 14:09:50
20231019140949,587,2,1,2023-10-19 14:09:50
20231019140949,79,2,1,2023-10-19 14:09:50
20231019140949,565,2,1,2023-10-19 14:09:50
20231019140949,400,2,1,2023-10-19 14:09:50
20231019140949,118,4,1,2023-10-19 14:09:50
20231019140949,717,2,1,2023-10-19 14:09:50
20231019140949,487,2,4,2023-10-19 14:09:50
20231019140949,526,2,1,2023-10-19 14:09:50
20231019140949,513,4,1,2023-10-19 14:09:50
20231019140949,257,2,1,2023-10-19 14:09:50
20231019140949,808,2,1,2023-10-19 14:09:50
20231019140909,440,1,3,2023-10-19 14:09:10
20231019140949,270,2,1,2023-10-19 14:09:50
20231019140949,530,4,1,2023-10-19 14:09:50
20231019141003,722,1,1,2023-10-19 14:10:04
20231019140949,543,4,1,2023-10-19 14:09:50
20231019140909,251,1,1,2023-10-19 14:09:10
20231019140949,413,2,1,2023-10-19 14:09:50
20231019140949,669,2,1,2023-10-19 14:09:50
20231019140949,708,2,1,2023-10-19 14:09:50
20231019140949,695,2,1,2023-10-19 14:09:50
20231019140949,491,2,1,2023-10-19 14:09:50
20231019140949,482,2,1,2023-10-19 14:09:50
20231019140949,725,2,1,2023-10-19 14:09:50
20231019140911,146,1,1,2023-10-19 14:09:12
20231019140949,213,4,1,2023-10-19 14:09:50
20231019140949,135,1,3,2023-10-19 14:09:50
20231019140949,430,2,1,2023-10-19 14:09:50
20231019140949,443,2,2,2023-10-19 14:09:50
20231019140949,434,4,1,2023-10-19 14:09:50
20231019140911,724,1,1,2023-10-19 14:09:12
20231019140949,690,2,2,2023-10-19 14:09:50
20231016054110,387,1,2,2023-10-16 05:41:11
20231019140911,281,1,1,2023-10-19 14:09:12
20231019140911,358,1,1,2023-10-19 14:09:12
20231019140911,13,1,1,2023-10-19 14:09:12
20231019140928,30,1,1,2023-10-19 14:09:29
20231019140928,436,1,3,2023-10-19 14:09:29
20231019140912,585,1,1,2023-10-19 14:09:13
20231019140949,672,1,6,2023-10-19 14:09:50
20231019140937,33,1,5,2023-10-19 14:09:38
20231019140912,484,1,1,2023-10-19 14:09:13
20231019140938,2,1,1,2023-10-19 14:09:39
20231019141000,621,1,1,2023-10-19 14:10:01
20231019140912,284,1,1,2023-10-19 14:09:13
20231019140949,260,2,1,2023-10-19 14:09:50
20231019140912,256,1,1,2023-10-19 14:09:13
20231019140912,38,1,1,2023-10-19 14:09:13
20231019140949,529,2,1,2023-10-19 14:09:50
20231019140938,592,1,4,2023-10-19 14:09:39
20231019140912,39,1,1,2023-10-19 14:09:13
20231019140938,269,1,1,2023-10-19 14:09:39
20231019140912,184,1,3,2023-10-19 14:09:13
20231019140912,286,1,1,2023-10-19 14:09:13
20231019140949,555,4,1,2023-10-19 14:09:50
20231019140950,612,1,1,2023-10-19 14:09:51
20231019141000,480,1,3,2023-10-19 14:10:01
20231019140912,426,1,1,2023-10-19 14:09:13
20231019141000,196,1,2,2023-10-19 14:10:01
20231019140938,606,1,1,2023-10-19 14:09:39
20231019141000,222,1,1,2023-10-19 14:10:01
20231019140939,668,1,1,2023-10-19 14:09:40
20231019140912,723,1,1,2023-10-19 14:09:13
20231019141000,69,1,1,2023-10-19 14:10:01
20231019141002,501,1,1,2023-10-19 14:10:03
20231019140913,536,1,2,2023-10-19 14:09:14
20231019140949,546,4,1,2023-10-19 14:09:50
20231019140949,572,4,1,2023-10-19 14:09:50
20231019140913,643,1,1,2023-10-19 14:09:14
20231019140938,504,1,1,2023-10-19 14:09:39
20231019140949,99,1,3,2023-10-19 14:09:50
20231019141000,133,1,3,2023-10-19 14:10:01
20231019140913,111,1,3,2023-10-19 14:09:14
20231019140938,568,1,2,2023-10-19 14:09:39
20231019141000,613,1,1,2023-10-19 14:10:01
20231019140913,70,1,1,2023-10-19 14:09:14
20231019140939,65,1,4,2023-10-19 14:09:40
20231019140949,442,2,1,2023-10-19 14:09:50
20231019141001,252,1,3,2023-10-19 14:10:02
20231019140949,429,2,1,2023-10-19 14:09:50
20231019140949,468,2,1,2023-10-19 14:09:50
20231019140949,455,4,1,2023-10-19 14:09:50
20231019140939,465,1,2,2023-10-19 14:09:40
20231019141001,700,1,1,2023-10-19 14:10:02
20231019141001,278,1,1,2023-10-19 14:10:02
20231019140914,160,1,4,2023-10-19 14:09:15
20231019141001,342,1,1,2023-10-19 14:10:02
20231019140939,328,1,4,2023-10-19 14:09:40
20231019140949,8,2,1,2023-10-19 14:09:50
20231019141001,393,1,1,2023-10-19 14:10:02
20231019140949,421,4,1,2023-10-19 14:09:50
20231019140915,682,1,1,2023-10-19 14:09:16
20231019140915,683,1,1,2023-10-19 14:09:16
20231016054110,549,1,1,2023-10-16 05:41:11
20231019141002,616,1,1,2023-10-19 14:10:03
20231019140940,64,1,4,2023-10-19 14:09:41
20231019141001,688,1,2,2023-10-19 14:10:02
20231019140949,330,4,1,2023-10-19 14:09:50
20231019140940,221,1,3,2023-10-19 14:09:41
20231019140915,92,1,2,2023-10-19 14:09:16
20231019141001,125,1,1,2023-10-19 14:10:02
20231019140949,317,2,3,2023-10-19 14:09:50
20231019141001,445,1,3,2023-10-19 14:10:02
20231016054110,550,1,1,2023-10-16 05:41:11
20231019141001,148,1,3,2023-10-19 14:10:02
20231019140940,34,1,1,2023-10-19 14:09:41
20231019141001,302,1,2,2023-10-19 14:10:02
20231019141001,481,1,1,2023-10-19 14:10:02
20231019140916,89,1,1,2023-10-19 14:09:17
20231016054109,340,1,1,2023-10-16 05:41:10
20231019140916,676,1,3,2023-10-19 14:09:17
20231019141001,597,1,1,2023-10-19 14:10:02
20231019140949,395,4,1,2023-10-19 14:09:50
20231019141001,652,1,1,2023-10-19 14:10:02
20231019141001,601,1,1,2023-10-19 14:10:02
20231019140940,216,1,1,2023-10-19 14:09:41
20231019140916,245,1,1,2023-10-19 14:09:17
20231019140949,642,2,2,2023-10-19 14:09:50
20231019140940,166,1,2,2023-10-19 14:09:41
20231019140916,283,1,1,2023-10-19 14:09:17
20231019140940,115,1,4,2023-10-19 14:09:41
20231019141001,128,1,3,2023-10-19 14:10:02
20231019140916,171,1,1,2023-10-19 14:09:17
20231019140940,310,1,2,2023-10-19 14:09:41
20231016054110,385,1,1,2023-10-16 05:41:11
20231019140949,117,4,1,2023-10-19 14:09:50
20231019140916,506,1,3,2023-10-19 14:09:17
20231019140916,173,1,1,2023-10-19 14:09:17
20231019140916,187,1,1,2023-10-19 14:09:17
20231019140941,490,1,2,2023-10-19 14:09:42
20231019140751,475,1,1,2023-10-19 14:07:52
20231019140950,126,1,3,2023-10-19 14:09:51
20231019140949,399,4,1,2023-10-19 14:09:50
20231019140917,12,1,1,2023-10-19 14:09:18
20231019140917,172,1,1,2023-10-19 14:09:18
20231019140941,324,1,4,2023-10-19 14:09:42
20231019140917,96,1,2,2023-10-19 14:09:18
20231019140917,461,1,2,2023-10-19 14:09:18
20231019140941,106,1,4,2023-10-19 14:09:42
20231019140949,655,2,1,2023-10-19 14:09:50
20231019140949,694,4,1,2023-10-19 14:09:50
20231019140941,375,1,3,2023-10-19 14:09:42
20231019140917,105,1,3,2023-10-19 14:09:18
20231019141001,553,1,1,2023-10-19 14:10:02
20231019140949,425,4,1,2023-10-19 14:09:50
20231019140949,538,4,1,2023-10-19 14:09:50
20231019140949,525,2,1,2023-10-19 14:09:50
20231019141001,720,1,1,2023-10-19 14:10:02
20231019140949,26,2,1,2023-10-19 14:09:50
20231019140917,437,1,4,2023-10-19 14:09:18
20231019141001,67,1,1,2023-10-19 14:10:02
20231019140917,744,1,1,2023-10-19 14:09:18
20231019140949,551,4,1,2023-10-19 14:09:50
20231019140918,665,1,1,2023-10-19 14:09:19
20231019140918,666,1,1,2023-10-19 14:09:19
20231019140918,273,1,2,2023-10-19 14:09:19
20231019140941,734,1,1,2023-10-19 14:09:42
20231019140949,91,4,1,2023-10-19 14:09:50
20231019140919,361,1,3,2023-10-19 14:09:20
20231019140949,590,2,1,2023-10-19 14:09:50
20231019141001,259,1,1,2023-10-19 14:10:02
20231019140941,696,1,5,2023-10-19 14:09:42
20231019140950,520,1,2,2023-10-19 14:09:51
20231019140950,507,1,4,2023-10-19 14:09:51
20231019140941,58,1,1,2023-10-19 14:09:42
20231019141002,719,1,1,2023-10-19 14:10:03
20231019141002,450,1,2,2023-10-19 14:10:03
20231019140950,463,1,4,2023-10-19 14:09:51
20231019140941,622,1,3,2023-10-19 14:09:42
20231019141002,401,1,1,2023-10-19 14:10:03
20231019140920,603,1,1,2023-10-19 14:09:21
20231019140950,751,1,1,2023-10-19 14:09:51
20231019140950,271,1,2,2023-10-19 14:09:51
20231019140920,591,1,1,2023-10-19 14:09:21
20231019141002,43,1,2,2023-10-19 14:10:03
20231019140941,159,1,1,2023-10-19 14:09:42
20231019140941,108,1,2,2023-10-19 14:09:42
20231019140950,438,1,1,2023-10-19 14:09:51
20231019140752,447,1,1,2023-10-19 14:07:53
20231019140950,457,1,1,2023-10-19 14:09:51
20231019140921,593,1,1,2023-10-19 14:09:22
20231019140921,472,1,1,2023-10-19 14:09:22
20231019140950,203,1,2,2023-10-19 14:09:51
20231019140941,684,1,3,2023-10-19 14:09:42
20231019140921,534,1,2,2023-10-19 14:09:22
20231019140921,650,1,3,2023-10-19 14:09:22
20231019140921,321,1,1,2023-10-19 14:09:22
20231019140921,737,1,2,2023-10-19 14:09:22
20231019140941,254,1,5,2023-10-19 14:09:42
20231019140941,406,1,5,2023-10-19 14:09:42
20231019140941,410,1,2,2023-10-19 14:09:42
20231016054111,715,1,1,2023-10-16 05:41:12
20231019140921,441,1,3,2023-10-19 14:09:22
20231019140921,640,1,2,2023-10-19 14:09:22
20231019140953,320,1,4,2023-10-19 14:09:54
20231019140921,653,1,4,2023-10-19 14:09:22
20231019140950,677,1,1,2023-10-19 14:09:51
20231019140922,516,1,1,2023-10-19 14:09:23
20231019140922,248,1,1,2023-10-19 14:09:23
20231019140941,141,1,2,2023-10-19 14:09:42
20231019140954,81,1,2,2023-10-19 14:09:55
20231019140922,16,1,1,2023-10-19 14:09:23
20231019140922,439,1,1,2023-10-19 14:09:23
20231019140922,29,1,1,2023-10-19 14:09:23
20231019140922,609,1,1,2023-10-19 14:09:23
20231019140922,686,1,1,2023-10-19 14:09:23
20231019140752,452,1,1,2023-10-19 14:07:53
20231019140955,747,1,1,2023-10-19 14:09:56
20231019140955,145,1,3,2023-10-19 14:09:56
20231019140954,628,1,3,2023-10-19 14:09:55
20231019140954,620,1,2,2023-10-19 14:09:55
20231019140922,88,1,1,2023-10-19 14:09:23
20231019140945,14,1,1,2023-10-19 14:09:46
20231019140941,27,1,1,2023-10-19 14:09:42
20231019140941,754,1,3,2023-10-19 14:09:42
20231019140941,217,1,2,2023-10-19 14:09:42
20231019140954,127,1,3,2023-10-19 14:09:55
20231019140922,424,1,1,2023-10-19 14:09:23
20231019140922,473,1,1,2023-10-19 14:09:23
20231019140922,295,1,1,2023-10-19 14:09:23
20231019140946,323,1,1,2023-10-19 14:09:47
20231019140922,346,1,1,2023-10-19 14:09:23
20231019140945,46,1,1,2023-10-19 14:09:46
20231019140955,408,1,1,2023-10-19 14:09:56
20231019140923,207,1,2,2023-10-19 14:09:24
20231019140954,518,1,4,2023-10-19 14:09:55
20231019140926,263,1,1,2023-10-19 14:09:27
20231019140926,352,1,1,2023-10-19 14:09:27
20231019140950,511,1,2,2023-10-19 14:09:51
20231019140926,353,1,1,2023-10-19 14:09:27
20231019140945,315,1,3,2023-10-19 14:09:46
20231019140950,703,1,3,2023-10-19 14:09:51
20231019140950,729,1,2,2023-10-19 14:09:51
20231019140927,287,1,3,2023-10-19 14:09:28
20231019140951,522,1,1,2023-10-19 14:09:52
20231019140954,122,1,4,2023-10-19 14:09:55
20231019140954,378,1,4,2023-10-19 14:09:55
20231019140927,298,1,3,2023-10-19 14:09:28
20231019140927,49,1,1,2023-10-19 14:09:28
20231019140927,113,1,2,2023-10-19 14:09:28
20231019140941,435,1,1,2023-10-19 14:09:42
20231019140945,444,1,3,2023-10-19 14:09:46
20231019140927,291,1,3,2023-10-19 14:09:28
20231019140927,368,1,1,2023-10-19 14:09:28
20231019140951,625,1,3,2023-10-19 14:09:52
20231019140951,459,1,3,2023-10-19 14:09:52
20231019140951,446,1,2,2023-10-19 14:09:52
20231019140928,365,1,4,2023-10-19 14:09:29
20231019140951,303,1,2,2023-10-19 14:09:52
20231016054111,714,1,1,2023-10-16 05:41:12
20231019140951,355,1,1,2023-10-19 14:09:52
20231019140951,167,1,2,2023-10-19 14:09:52
20231019140928,5,1,1,2023-10-19 14:09:29
20231019140951,192,1,2,2023-10-19 14:09:52
20231019140951,730,1,2,2023-10-19 14:09:52
20231019140956,241,1,4,2023-10-19 14:09:57
20231019140951,180,1,2,2023-10-19 14:09:52
20231019140951,129,1,3,2023-10-19 14:09:52
20231019140951,193,1,2,2023-10-19 14:09:52
20231019140951,319,1,1,2023-10-19 14:09:52
20231019140951,409,1,3,2023-10-19 14:09:52
20231019140951,678,1,1,2023-10-19 14:09:52
20231019140951,144,1,2,2023-10-19 14:09:52
20231019140951,235,1,2,2023-10-19 14:09:52
20231019140951,143,1,2,2023-10-19 14:09:52
20231019140951,680,1,1,2023-10-19 14:09:52
20231019140951,220,1,2,2023-10-19 14:09:52
20231019140951,374,1,4,2023-10-19 14:09:52
20231019140951,237,1,1,2023-10-19 14:09:52
20231019140740,493,1,1,2023-10-19 14:07:41
20231019140951,161,1,1,2023-10-19 14:09:52
20231019140951,274,1,1,2023-10-19 14:09:52
20231019140951,275,1,1,2023-10-19 14:09:52
20231019140951,44,1,3,2023-10-19 14:09:52
20231019140951,403,1,2,2023-10-19 14:09:52
20231019140955,4,1,2,2023-10-19 14:09:56
20231019140955,120,1,4,2023-10-19 14:09:56
20231019140955,124,1,2,2023-10-19 14:09:56
20231019140955,9,1,3,2023-10-19 14:09:56
20231019140955,297,1,1,2023-10-19 14:09:56
20231019140955,232,1,3,2023-10-19 14:09:56
20231019140955,716,1,1,2023-10-19 14:09:56
20231019140955,748,1,1,2023-10-19 14:09:56
20231019140955,486,1,3,2023-10-19 14:09:56
20231019140955,7,1,1,2023-10-19 14:09:56
20231019140955,103,1,2,2023-10-19 14:09:56
20231019140932,239,1,1,2023-10-19 14:09:33
20231019140932,61,1,4,2023-10-19 14:09:33
20231019140942,586,1,5,2023-10-19 14:09:43
20231019140932,304,1,5,2023-10-19 14:09:33
20231019140946,131,1,4,2023-10-19 14:09:47
20231019140956,414,1,1,2023-10-19 14:09:57
20231019140956,190,1,3,2023-10-19 14:09:57
20231019140932,575,1,1,2023-10-19 14:09:33
20231019140932,204,1,1,2023-10-19 14:09:33
20231019140932,77,1,1,2023-10-19 14:09:33
20231019140956,215,1,3,2023-10-19 14:09:57
20231019140956,36,1,4,2023-10-19 14:09:57
20231019140932,210,1,2,2023-10-19 14:09:33
20231019140932,56,1,1,2023-10-19 14:09:33
20231019140956,292,1,3,2023-10-19 14:09:57
20231019140932,527,1,1,2023-10-19 14:09:33
20231019140956,509,1,3,2023-10-19 14:09:57
20231019140956,641,1,3,2023-10-19 14:09:57
20231019140932,366,1,4,2023-10-19 14:09:33
20231019140932,147,1,3,2023-10-19 14:09:33
20231019140942,389,1,1,2023-10-19 14:09:43
20231019140956,712,1,2,2023-10-19 14:09:57
20231019140933,644,1,4,2023-10-19 14:09:34
20231019140956,175,1,2,2023-10-19 14:09:57
20231019140956,21,1,2,2023-10-19 14:09:57
20231019140956,582,1,5,2023-10-19 14:09:57
20231019140956,537,1,2,2023-10-19 14:09:57
20231019140956,576,1,2,2023-10-19 14:09:57
20231019140933,185,1,4,2023-10-19 14:09:34
20231019140933,662,1,1,2023-10-19 14:09:34
20231019140933,266,1,2,2023-10-19 14:09:34
20231019140956,711,1,2,2023-10-19 14:09:57
20231019140934,139,1,1,2023-10-19 14:09:35
20231019140934,1,1,1,2023-10-19 14:09:35
20231019140934,386,1,2,2023-10-19 14:09:35
20231019140957,363,1,4,2023-10-19 14:09:58
20231019140934,326,1,3,2023-10-19 14:09:35
20231019140957,492,1,6,2023-10-19 14:09:58
20231019140935,104,1,3,2023-10-19 14:09:36
20231019140957,112,1,2,2023-10-19 14:09:58
20231019140935,638,1,1,2023-10-19 14:09:36
20231019140935,479,1,2,2023-10-19 14:09:36
20231019140935,556,1,3,2023-10-19 14:09:36
20231019140935,227,1,2,2023-10-19 14:09:36
20231019140935,289,1,5,2023-10-19 14:09:36
20231019140935,138,1,1,2023-10-19 14:09:36
20231019140957,35,1,6,2023-10-19 14:09:58
20231019140945,211,1,1,2023-10-19 14:09:46
20231019140945,371,1,2,2023-10-19 14:09:46
20231019140945,467,1,4,2023-10-19 14:09:46
20231019140945,71,1,3,2023-10-19 14:09:46
20231019140945,212,1,1,2023-10-19 14:09:46
20231019140945,359,1,4,2023-10-19 14:09:46
20231019140946,658,1,3,2023-10-19 14:09:47
20231019140946,132,1,1,2023-10-19 14:09:47
20231019140946,311,1,4,2023-10-19 14:09:47
20231019140957,163,1,3,2023-10-19 14:09:58
20231019140957,228,1,3,2023-10-19 14:09:58
20231016054109,261,1,1,2023-10-16 05:41:10
20231019140946,119,1,3,2023-10-19 14:09:47
20231019140946,183,1,1,2023-10-19 14:09:47
20231019140946,264,1,3,2023-10-19 14:09:47
20231019140946,495,1,1,2023-10-19 14:09:47
20231019140946,98,1,3,2023-10-19 14:09:47
20231019140946,224,1,1,2023-10-19 14:09:47
20231019140946,301,1,2,2023-10-19 14:09:47
20231019140946,634,1,2,2023-10-19 14:09:47
20231019140946,140,1,1,2023-10-19 14:09:47
20231019140946,345,1,3,2023-10-19 14:09:47
20231019140946,48,1,4,2023-10-19 14:09:47
20231019140946,214,1,1,2023-10-19 14:09:47
20231019140946,305,1,4,2023-10-19 14:09:47
20231016054110,392,1,1,2023-10-16 05:41:11
20231019140755,598,1,1,2023-10-19 14:07:56
20231019140946,514,1,2,2023-10-19 14:09:47
20231019140946,90,1,3,2023-10-19 14:09:47
20231019140947,293,1,4,2023-10-19 14:09:48
20231019140947,299,1,1,2023-10-19 14:09:48
20231019140958,200,1,6,2023-10-19 14:09:59
20231019140947,517,1,2,2023-10-19 14:09:48
20231019140947,383,1,1,2023-10-19 14:09:48
20231019140947,223,1,1,2023-10-19 14:09:48
20231019140947,300,1,3,2023-10-19 14:09:48
20231019140947,74,1,2,2023-10-19 14:09:48
20231019140947,362,1,3,2023-10-19 14:09:48
20231019140947,740,1,2,2023-10-19 14:09:48
20231019140947,94,1,1,2023-10-19 14:09:48
20231019140947,151,1,2,2023-10-19 14:09:48
20231019140947,488,1,5,2023-10-19 14:09:48
20231019140947,571,1,3,2023-10-19 14:09:48
20231019140947,322,1,2,2023-10-19 14:09:48
20231019140947,738,1,2,2023-10-19 14:09:48
20231019140947,136,1,2,2023-10-19 14:09:48
20231019140947,309,1,3,2023-10-19 14:09:48
20231019140947,41,1,1,2023-10-19 14:09:48
20231019140958,373,1,5,2023-10-19 14:09:59
20231016054110,548,1,1,2023-10-16 05:41:11
20231019140947,109,1,2,2023-10-19 14:09:48
20231019140947,743,1,2,2023-10-19 14:09:48
20231019140947,52,1,2,2023-10-19 14:09:48
20231019141000,732,1,2,2023-10-19 14:10:01
20231019140959,22,1,1,2023-10-19 14:10:00
20231019140948,557,1,3,2023-10-19 14:09:49
20231019140948,736,1,3,2023-10-19 14:09:49
20231019140948,647,1,4,2023-10-19 14:09:49
20231019140948,189,1,2,2023-10-19 14:09:49
20231019140948,673,1,5,2023-10-19 14:09:49
20231019140948,660,1,3,2023-10-19 14:09:49
20231019140948,619,1,2,2023-10-19 14:09:49
20231019140949,338,4,1,2023-10-19 14:09:50
20231019140949,594,2,1,2023-10-19 14:09:50
20231019140949,325,2,1,2023-10-19 14:09:50
20231019140949,581,2,1,2023-10-19 14:09:50
20231019140949,416,2,1,2023-10-19 14:09:50
20231019140957,731,1,2,2023-10-19 14:09:58
20231019140957,53,1,4,2023-10-19 14:09:58
20231019140957,123,1,3,2023-10-19 14:09:58
20231019140957,456,1,1,2023-10-19 14:09:58
20231019140957,489,1,2,2023-10-19 14:09:58
20231019140957,617,1,1,2023-10-19 14:09:58
20231019140957,288,1,4,2023-10-19 14:09:58
20231019140957,307,1,5,2023-10-19 14:09:58
20231019140957,454,1,3,2023-10-19 14:09:58
20231019140958,651,1,4,2023-10-19 14:09:59
20231019140958,453,1,3,2023-10-19 14:09:59
20231019140958,524,1,2,2023-10-19 14:09:59
20231019140958,60,1,4,2023-10-19 14:09:59
20231019140958,32,1,6,2023-10-19 14:09:59
20231019140958,272,1,2,2023-10-19 14:09:59
20231019140958,404,1,4,2023-10-19 14:09:59
20231019140958,231,1,3,2023-10-19 14:09:59
20231019140959,661,1,2,2023-10-19 14:10:00
20231019140959,348,1,2,2023-10-19 14:10:00
20231019140959,721,1,2,2023-10-19 14:10:00
20231019140959,510,1,3,2023-10-19 14:10:00
20231019140959,654,1,3,2023-10-19 14:10:00
20231019141000,623,1,3,2023-10-19 14:10:01
20231019141000,195,1,3,2023-10-19 14:10:01
20231019141000,419,1,1,2023-10-19 14:10:01
20231019141000,752,1,4,2023-10-19 14:10:01
20231019141000,186,1,2,2023-10-19 14:10:01
20231019141000,577,1,2,2023-10-19 14:10:01
20231019141000,718,1,2,2023-10-19 14:10:01
20231019141000,249,1,3,2023-10-19 14:10:01
20231016054110,521,1,1,2023-10-16 05:41:11
20231016054110,382,1,1,2023-10-16 05:41:11
20231016054110,544,1,1,2023-10-16 05:41:11
20231019140849,155,1,1,2023-10-19 14:08:50
20231019140851,388,1,1,2023-10-19 14:08:52
20231019140850,182,1,1,2023-10-19 14:08:51
20231019140845,15,1,1,2023-10-19 14:08:46
20231019140850,578,1,1,2023-10-19 14:08:51
20231019140850,230,1,1,2023-10-19 14:08:51
20231016054110,432,1,1,2023-10-16 05:41:11
20231019140845,110,1,1,2023-10-19 14:08:46
20231019140851,219,1,1,2023-10-19 14:08:52
20231019140851,86,1,1,2023-10-19 14:08:52
20231019140851,134,1,1,2023-10-19 14:08:52
20231019140854,728,1,1,2023-10-19 14:08:55
20231019140806,168,1,1,2023-10-19 14:08:07
20231019140856,280,1,1,2023-10-19 14:08:57
20231019140825,176,1,1,2023-10-19 14:08:26
20231019140817,42,1,1,2023-10-19 14:08:18
20231019140847,177,1,1,2023-10-19 14:08:48
20231019140847,247,1,1,2023-10-19 14:08:48
20231019140852,595,1,1,2023-10-19 14:08:53
20231019140852,659,1,1,2023-10-19 14:08:53
20231019140830,20,1,1,2023-10-19 14:08:31
20231019140857,573,1,1,2023-10-19 14:08:58
20231019140858,664,1,1,2023-10-19 14:08:59
20231019140832,458,1,1,2023-10-19 14:08:33
20231019133353,702,1,2,2023-10-19 13:33:54
20231019140857,742,1,1,2023-10-19 14:08:58
20231019140833,255,1,1,2023-10-19 14:08:34
20231019140857,583,1,2,2023-10-19 14:08:58
20231019140836,97,1,1,2023-10-19 14:08:37
20231019140841,422,1,1,2023-10-19 14:08:42
20231019140842,657,1,1,2023-10-19 14:08:43
20231019140842,17,1,1,2023-10-19 14:08:43
20231019140843,727,1,1,2023-10-19 14:08:44
20231019140844,102,1,1,2023-10-19 14:08:45
20231019140849,349,1,1,2023-10-19 14:08:50
20231019140852,535,1,1,2023-10-19 14:08:53
20231019140852,533,1,1,2023-10-19 14:08:53
